{"cameraMode":{"drawMode":0,"name":"Shaded","section":"Shading Mode"},"sceneLighting":true,"audioPlay":false,"sceneViewState":{"showFog":true,"showMaterialUpdate":false,"showSkybox":false,"showFlares":true,"showImageEffects":true,"showParticleSystems":true},"in2DMode":false,"pivot":{"x":43.90745162963867,"y":-6.951972961425781,"z":-44.77045440673828},"rotation":{"x":0.0017219840083271266,"y":0.30440324544906618,"z":-0.0005565764149650931,"w":0.9525502324104309},"size":23.900983810424806,"orthographic":false}