{"cameraMode":{"drawMode":0,"name":"Shaded","section":"Shading Mode"},"sceneLighting":true,"audioPlay":false,"sceneViewState":{"showFog":true,"showMaterialUpdate":false,"showSkybox":false,"showFlares":true,"showImageEffects":true,"showParticleSystems":true},"in2DMode":false,"pivot":{"x":-151.3966827392578,"y":-6.732048511505127,"z":-197.52818298339845},"rotation":{"x":0.053072936832904819,"y":-0.5433294177055359,"z":0.03443976119160652,"w":0.8371438980102539},"size":23.669607162475587,"orthographic":false}