{"cameraMode":{"drawMode":0,"name":"Shaded","section":"Shading Mode"},"sceneLighting":true,"audioPlay":false,"sceneViewState":{"showFog":true,"showMaterialUpdate":false,"showSkybox":true,"showFlares":true,"showImageEffects":true,"showParticleSystems":true},"in2DMode":false,"pivot":{"x":-19.997222900390626,"y":1.5351037979125977,"z":-18.765077590942384},"rotation":{"x":-0.16104155778884889,"y":0.0819111317396164,"z":-0.013411963358521462,"w":-0.983457624912262},"size":10.0,"orthographic":false}