{"cameraMode":{"drawMode":0,"name":"Shaded","section":"Shading Mode"},"sceneLighting":false,"audioPlay":false,"sceneViewState":{"showFog":true,"showMaterialUpdate":false,"showSkybox":false,"showFlares":true,"showImageEffects":true,"showParticleSystems":true},"in2DMode":false,"pivot":{"x":-14.370058059692383,"y":0.6636754274368286,"z":15.756600379943848},"rotation":{"x":-0.16714993119239808,"y":0.6305168271064758,"z":-0.1415318250656128,"w":-0.7446422576904297},"size":24.880813598632814,"orthographic":false}