{"cameraMode":{"drawMode":0,"name":"Shaded","section":"Shading Mode"},"sceneLighting":true,"audioPlay":false,"sceneViewState":{"showFog":false,"showMaterialUpdate":false,"showSkybox":true,"showFlares":true,"showImageEffects":true,"showParticleSystems":true},"in2DMode":false,"pivot":{"x":-21.332473754882814,"y":55.2136344909668,"z":-496.2742614746094},"rotation":{"x":0.18257653713226319,"y":0.8157905340194702,"z":-0.36465245485305788,"w":0.41039538383483889},"size":-3.3726699352264406,"orthographic":false}