{"cameraMode":{"drawMode":0,"name":"Shaded","section":"Shading Mode"},"sceneLighting":false,"audioPlay":false,"sceneViewState":{"showFog":true,"showMaterialUpdate":false,"showSkybox":false,"showFlares":true,"showImageEffects":true,"showParticleSystems":true},"in2DMode":false,"pivot":{"x":8.138959884643555,"y":-2.376974582672119,"z":-15.207159042358399},"rotation":{"x":0.044871747493743899,"y":0.9224226474761963,"z":-0.11292245239019394,"w":0.3666122257709503},"size":2.70739483833313,"orthographic":false}