{"cameraMode":{"drawMode":0,"name":"Shaded","section":"Shading Mode"},"sceneLighting":true,"audioPlay":false,"sceneViewState":{"showFog":false,"showMaterialUpdate":false,"showSkybox":true,"showFlares":true,"showImageEffects":true,"showParticleSystems":true},"in2DMode":false,"pivot":{"x":244.95550537109376,"y":-46.14299774169922,"z":-606.5198974609375},"rotation":{"x":-0.05688200518488884,"y":0.8613144755363464,"z":-0.09509743005037308,"w":-0.4964471161365509},"size":131.0498046875,"orthographic":false}