{"cameraMode":{"drawMode":0,"name":"Shaded","section":"Shading Mode"},"sceneLighting":true,"audioPlay":false,"sceneViewState":{"showFog":false,"showMaterialUpdate":false,"showSkybox":true,"showFlares":true,"showImageEffects":true,"showParticleSystems":true},"in2DMode":false,"pivot":{"x":648.593994140625,"y":25.998306274414064,"z":-418.7383728027344},"rotation":{"x":-0.01825455017387867,"y":-0.5562770962715149,"z":0.013180654495954514,"w":-0.8311917781829834},"size":71.97615814208985,"orthographic":false}