{"cameraMode":{"drawMode":0,"name":"Shaded","section":"Shading Mode"},"sceneLighting":false,"audioPlay":false,"sceneViewState":{"showFog":false,"showMaterialUpdate":false,"showSkybox":false,"showFlares":true,"showImageEffects":true,"showParticleSystems":true},"in2DMode":false,"pivot":{"x":-41.0966796875,"y":-0.8908171057701111,"z":-13.214414596557618},"rotation":{"x":-0.032940350472927096,"y":0.8247694373130798,"z":-0.04830411821603775,"w":-0.5624407529830933},"size":23.813196182250978,"orthographic":false}