{"cameraMode":{"drawMode":0,"name":"Shaded","section":"Shading Mode"},"sceneLighting":true,"audioPlay":false,"sceneViewState":{"showFog":false,"showMaterialUpdate":false,"showSkybox":true,"showFlares":true,"showImageEffects":true,"showParticleSystems":true},"in2DMode":false,"pivot":{"x":-62.07151794433594,"y":-192.61593627929688,"z":-743.5259399414063},"rotation":{"x":0.12551172077655793,"y":-0.5867899060249329,"z":-0.09172452241182327,"w":-0.7953310608863831},"size":6.853259086608887,"orthographic":false}