{"cameraMode":{"drawMode":0,"name":"Shaded","section":"Shading Mode"},"sceneLighting":false,"audioPlay":false,"sceneViewState":{"showFog":false,"showMaterialUpdate":false,"showSkybox":false,"showFlares":true,"showImageEffects":true,"showParticleSystems":true},"in2DMode":false,"pivot":{"x":46.099891662597659,"y":-2.0535318851470949,"z":-14.19641399383545},"rotation":{"x":-0.026514559984207155,"y":-0.1893051713705063,"z":0.005083498544991016,"w":-0.9815836548805237},"size":3.7185709476470949,"orthographic":false}