{"cameraMode":{"drawMode":0,"name":"Shaded","section":"Shading Mode"},"sceneLighting":true,"audioPlay":false,"sceneViewState":{"showFog":false,"showMaterialUpdate":false,"showSkybox":true,"showFlares":true,"showImageEffects":true,"showParticleSystems":true},"in2DMode":false,"pivot":{"x":470.6039123535156,"y":68.441162109375,"z":-331.573486328125},"rotation":{"x":-0.030486343428492547,"y":0.6886957883834839,"z":-0.028870917856693269,"w":-0.7239587306976318},"size":12.0336275100708,"orthographic":false}