{"cameraMode":{"drawMode":0,"name":"Shaded","section":"Shading Mode"},"sceneLighting":false,"audioPlay":false,"sceneViewState":{"showFog":false,"showMaterialUpdate":false,"showSkybox":false,"showFlares":true,"showImageEffects":true,"showParticleSystems":true},"in2DMode":false,"pivot":{"x":46.36796951293945,"y":-4.112292766571045,"z":-10.058040618896485},"rotation":{"x":-0.24574951827526093,"y":-0.07263997942209244,"z":0.01846296712756157,"w":-0.9664614796638489},"size":7.140784740447998,"orthographic":false}