{"cameraMode":{"drawMode":0,"name":"Shaded","section":"Shading Mode"},"sceneLighting":false,"audioPlay":false,"sceneViewState":{"showFog":false,"showMaterialUpdate":false,"showSkybox":false,"showFlares":true,"showImageEffects":true,"showParticleSystems":true},"in2DMode":false,"pivot":{"x":-0.01199408434331417,"y":5.050000190734863,"z":3.630000114440918},"rotation":{"x":-0.02137879468500614,"y":0.8039579391479492,"z":-0.02895495854318142,"w":-0.5935981273651123},"size":10.0,"orthographic":false}