{"cameraMode":{"drawMode":0,"name":"Shaded","section":"Shading Mode"},"sceneLighting":false,"audioPlay":false,"sceneViewState":{"showFog":false,"showMaterialUpdate":false,"showSkybox":false,"showFlares":true,"showImageEffects":true,"showParticleSystems":true},"in2DMode":false,"pivot":{"x":-0.4500007629394531,"y":6.4250006675720219,"z":6.071994781494141},"rotation":{"x":0.0018711088923737407,"y":0.7816423773765564,"z":0.002345055341720581,"w":-0.6237248778343201},"size":34.809017181396487,"orthographic":false}