{"cameraMode":{"drawMode":0,"name":"Shaded","section":"Shading Mode"},"sceneLighting":true,"audioPlay":false,"sceneViewState":{"showFog":false,"showMaterialUpdate":false,"showSkybox":true,"showFlares":true,"showImageEffects":true,"showParticleSystems":true},"in2DMode":false,"pivot":{"x":-80.1700210571289,"y":1.8348426818847657,"z":-483.6989440917969},"rotation":{"x":0.14705567061901093,"y":-0.6737204790115356,"z":0.13731151819229127,"w":0.7116216421127319},"size":19.187137603759767,"orthographic":false}