{"cameraMode":{"drawMode":0,"name":"Shaded","section":"Shading Mode"},"sceneLighting":true,"audioPlay":false,"sceneViewState":{"showFog":false,"showMaterialUpdate":false,"showSkybox":true,"showFlares":true,"showImageEffects":true,"showParticleSystems":true},"in2DMode":false,"pivot":{"x":27.10219383239746,"y":-1.2947357892990113,"z":-6.010706424713135},"rotation":{"x":0.07638027518987656,"y":-0.03439348191022873,"z":0.0026361458003520967,"w":0.9964836239814758},"size":10.0,"orthographic":false}