{"cameraMode":{"drawMode":0,"name":"Shaded","section":"Shading Mode"},"sceneLighting":true,"audioPlay":false,"sceneViewState":{"showFog":false,"showMaterialUpdate":false,"showSkybox":true,"showFlares":true,"showImageEffects":true,"showParticleSystems":true},"in2DMode":false,"pivot":{"x":420.22930908203127,"y":-163.88705444335938,"z":-1070.282470703125},"rotation":{"x":0.047930166125297549,"y":-0.9529302716255188,"z":0.2119249850511551,"w":0.2120705544948578},"size":216.6648712158203,"orthographic":false}