{"cameraMode":{"drawMode":0,"name":"Shaded","section":"Shading Mode"},"sceneLighting":true,"audioPlay":false,"sceneViewState":{"showFog":false,"showMaterialUpdate":false,"showSkybox":true,"showFlares":true,"showImageEffects":true,"showParticleSystems":true},"in2DMode":false,"pivot":{"x":473.6010437011719,"y":19.246854782104493,"z":-523.6558227539063},"rotation":{"x":-0.051553815603256229,"y":-0.2840305268764496,"z":0.016000233590602876,"w":-0.957425057888031},"size":3.3726699352264406,"orthographic":false}