{"cameraMode":{"drawMode":0,"name":"Shaded","section":"Shading Mode"},"sceneLighting":false,"audioPlay":false,"sceneViewState":{"showFog":false,"showMaterialUpdate":false,"showSkybox":false,"showFlares":true,"showImageEffects":true,"showParticleSystems":true},"in2DMode":false,"pivot":{"x":204.2695770263672,"y":-0.659467339515686,"z":87.7215805053711},"rotation":{"x":0.054887909442186359,"y":-0.14384737610816956,"z":0.008056487888097763,"w":0.9881610870361328},"size":1.3492023944854737,"orthographic":false}