{"cameraMode":{"drawMode":0,"name":"Shaded","section":"Shading Mode"},"sceneLighting":true,"audioPlay":false,"sceneViewState":{"showFog":false,"showMaterialUpdate":false,"showSkybox":true,"showFlares":true,"showImageEffects":true,"showParticleSystems":true},"in2DMode":false,"pivot":{"x":33.86799621582031,"y":14.512487411499024,"z":-469.7193603515625},"rotation":{"x":-0.0027597348671406509,"y":-0.9869062900543213,"z":0.025387754663825036,"w":-0.16161707043647767},"size":16.043434143066408,"orthographic":false}