{"cameraMode":{"drawMode":0,"name":"Shaded","section":"Shading Mode"},"sceneLighting":true,"audioPlay":false,"sceneViewState":{"showFog":false,"showMaterialUpdate":false,"showSkybox":false,"showFlares":true,"showImageEffects":true,"showParticleSystems":true},"in2DMode":false,"pivot":{"x":-27.88631248474121,"y":3.915764331817627,"z":-35.60340118408203},"rotation":{"x":-0.10831096023321152,"y":0.37039509415626528,"z":-0.04354798048734665,"w":-0.921552300453186},"size":14.356768608093262,"orthographic":false}