{"cameraMode":{"drawMode":0,"name":"Shaded","section":"Shading Mode"},"sceneLighting":true,"audioPlay":false,"sceneViewState":{"showFog":true,"showMaterialUpdate":false,"showSkybox":false,"showFlares":true,"showImageEffects":true,"showParticleSystems":true},"in2DMode":false,"pivot":{"x":0.05568902939558029,"y":0.2085682451725006,"z":0.047615572810173038},"rotation":{"x":-0.05078234523534775,"y":0.9472768902778626,"z":-0.19035601615905763,"w":-0.25270506739616396},"size":0.6002864837646484,"orthographic":false}