{"cameraMode":{"drawMode":0,"name":"Shaded","section":"Shading Mode"},"sceneLighting":false,"audioPlay":false,"sceneViewState":{"showFog":false,"showMaterialUpdate":false,"showSkybox":false,"showFlares":true,"showImageEffects":true,"showParticleSystems":true},"in2DMode":false,"pivot":{"x":48.33993148803711,"y":-1.6995673179626465,"z":-14.474178314208985},"rotation":{"x":-0.05158333107829094,"y":-0.5987878441810608,"z":0.038651153445243838,"w":-0.7983539700508118},"size":0.7847767472267151,"orthographic":false}