{"cameraMode":{"drawMode":0,"name":"Shaded","section":"Shading Mode"},"sceneLighting":false,"audioPlay":false,"sceneViewState":{"showFog":false,"showMaterialUpdate":false,"showSkybox":false,"showFlares":true,"showImageEffects":true,"showParticleSystems":true},"in2DMode":false,"pivot":{"x":-0.023308277130126954,"y":2.7108120918273927,"z":1.430184006690979},"rotation":{"x":0.15602461993694306,"y":-0.5651555061340332,"z":0.10986245423555374,"w":0.8026164174079895},"size":2.32954478263855,"orthographic":false}