{"cameraMode":{"drawMode":0,"name":"Shaded","section":"Shading Mode"},"sceneLighting":true,"audioPlay":false,"sceneViewState":{"showFog":false,"showMaterialUpdate":false,"showSkybox":true,"showFlares":true,"showImageEffects":true,"showParticleSystems":true},"in2DMode":false,"pivot":{"x":247.65328979492188,"y":86.7772445678711,"z":53.05721664428711},"rotation":{"x":-0.01937851496040821,"y":0.11104632169008255,"z":-0.002164241159334779,"w":-0.9936284422874451},"size":17.01236343383789,"orthographic":false}