{"cameraMode":{"drawMode":0,"name":"Shaded","section":"Shading Mode"},"sceneLighting":true,"audioPlay":false,"sceneViewState":{"showFog":false,"showMaterialUpdate":false,"showSkybox":true,"showFlares":true,"showImageEffects":true,"showParticleSystems":true},"in2DMode":false,"pivot":{"x":214.51185607910157,"y":5.760426044464111,"z":-686.7028198242188},"rotation":{"x":0.026394804939627649,"y":-0.7259204387664795,"z":-0.026673560962080957,"w":-0.6875120401382446},"size":6.853259086608887,"orthographic":false}