{"cameraMode":{"drawMode":0,"name":"Shaded","section":"Shading Mode"},"sceneLighting":false,"audioPlay":false,"sceneViewState":{"showFog":false,"showMaterialUpdate":false,"showSkybox":false,"showFlares":true,"showImageEffects":true,"showParticleSystems":true},"in2DMode":false,"pivot":{"x":-1.053757905960083,"y":3.7058346271514894,"z":-1.919154405593872},"rotation":{"x":0.10717396438121796,"y":-0.8407057523727417,"z":0.18050847947597505,"w":0.4991523027420044},"size":3.1988437175750734,"orthographic":false}