{"cameraMode":{"drawMode":0,"name":"Shaded","section":"Shading Mode"},"sceneLighting":false,"audioPlay":false,"sceneViewState":{"showFog":true,"showMaterialUpdate":false,"showSkybox":false,"showFlares":true,"showImageEffects":true,"showParticleSystems":true},"in2DMode":false,"pivot":{"x":9.613909721374512,"y":-2.7646827697753908,"z":-0.048676297068595889},"rotation":{"x":-0.056269869208335879,"y":-0.6403675079345703,"z":0.04718710109591484,"w":-0.764600396156311},"size":1.2856452465057374,"orthographic":false}