{"cameraMode":{"drawMode":0,"name":"Shaded","section":"Shading Mode"},"sceneLighting":true,"audioPlay":false,"sceneViewState":{"showFog":false,"showMaterialUpdate":false,"showSkybox":false,"showFlares":true,"showImageEffects":true,"showParticleSystems":true},"in2DMode":false,"pivot":{"x":2.784335136413574,"y":9.780698776245118,"z":-57.73978042602539},"rotation":{"x":-0.08447900414466858,"y":0.5164622068405151,"z":-0.0513119176030159,"w":-0.8506242632865906},"size":2.685760974884033,"orthographic":false}