{"cameraMode":{"drawMode":0,"name":"Shaded","section":"Shading Mode"},"sceneLighting":true,"audioPlay":false,"sceneViewState":{"showFog":false,"showMaterialUpdate":false,"showSkybox":true,"showFlares":true,"showImageEffects":true,"showParticleSystems":true},"in2DMode":false,"pivot":{"x":489.59014892578127,"y":35.4094123840332,"z":-490.2031555175781},"rotation":{"x":-0.0017598910490050912,"y":0.6807353496551514,"z":0.00032258013379760087,"w":0.7327777743339539},"size":59.091285705566409,"orthographic":false}