{"cameraMode":{"drawMode":0,"name":"Shaded","section":"Shading Mode"},"sceneLighting":false,"audioPlay":false,"sceneViewState":{"showFog":true,"showMaterialUpdate":false,"showSkybox":false,"showFlares":true,"showImageEffects":true,"showParticleSystems":true},"in2DMode":false,"pivot":{"x":-0.08898374438285828,"y":0.08207961916923523,"z":0.09132213890552521},"rotation":{"x":-0.023545105010271074,"y":0.9724656343460083,"z":-0.11312711983919144,"w":-0.20239770412445069},"size":0.4332709014415741,"orthographic":false}