{"cameraMode":{"drawMode":0,"name":"Shaded","section":"Shading Mode"},"sceneLighting":false,"audioPlay":false,"sceneViewState":{"showFog":false,"showMaterialUpdate":false,"showSkybox":false,"showFlares":true,"showImageEffects":true,"showParticleSystems":true},"in2DMode":false,"pivot":{"x":43.914066314697269,"y":-2.4981517791748049,"z":-13.723684310913086},"rotation":{"x":-0.05692872032523155,"y":-0.03894677013158798,"z":0.0021934255491942169,"w":-0.9976516962051392},"size":0.7185713648796082,"orthographic":false}