{"cameraMode":{"drawMode":0,"name":"Shaded","section":"Shading Mode"},"sceneLighting":true,"audioPlay":false,"sceneViewState":{"showFog":false,"showMaterialUpdate":false,"showSkybox":true,"showFlares":true,"showImageEffects":true,"showParticleSystems":true},"in2DMode":false,"pivot":{"x":530.3856811523438,"y":-0.5664958953857422,"z":-719.648193359375},"rotation":{"x":-0.004893065430223942,"y":0.9779500365257263,"z":-0.20994572341442109,"w":-0.01615135744214058},"size":16.043434143066408,"orthographic":false}