{"cameraMode":{"drawMode":0,"name":"Shaded","section":"Shading Mode"},"sceneLighting":true,"audioPlay":false,"sceneViewState":{"showFog":false,"showMaterialUpdate":false,"showSkybox":true,"showFlares":true,"showImageEffects":true,"showParticleSystems":true},"in2DMode":false,"pivot":{"x":51.178226470947269,"y":-4.25933837890625,"z":-234.690185546875},"rotation":{"x":0.3757053315639496,"y":0.3872593343257904,"z":-0.17886115610599519,"w":0.8231716752052307},"size":36.9544677734375,"orthographic":false}