{"cameraMode":{"drawMode":0,"name":"Shaded","section":"Shading Mode"},"sceneLighting":true,"audioPlay":false,"sceneViewState":{"showFog":false,"showMaterialUpdate":false,"showSkybox":true,"showFlares":true,"showImageEffects":true,"showParticleSystems":true},"in2DMode":false,"pivot":{"x":65.98147583007813,"y":35.68962860107422,"z":-702.8863525390625},"rotation":{"x":-0.04941312596201897,"y":-0.6000644564628601,"z":0.03906477242708206,"w":-0.797899603843689},"size":13.553049087524414,"orthographic":false}