{"cameraMode":{"drawMode":0,"name":"Shaded","section":"Shading Mode"},"sceneLighting":true,"audioPlay":false,"sceneViewState":{"showFog":false,"showMaterialUpdate":false,"showSkybox":false,"showFlares":true,"showImageEffects":true,"showParticleSystems":true},"in2DMode":false,"pivot":{"x":-12.415787696838379,"y":5.89805793762207,"z":-45.66098403930664},"rotation":{"x":-0.08900842815637589,"y":0.43254953622817995,"z":-0.04297811910510063,"w":-0.8962119221687317},"size":2.685760974884033,"orthographic":false}