{"cameraMode":{"drawMode":0,"name":"Shaded","section":"Shading Mode"},"sceneLighting":true,"audioPlay":false,"sceneViewState":{"showFog":false,"showMaterialUpdate":false,"showSkybox":true,"showFlares":true,"showImageEffects":true,"showParticleSystems":true},"in2DMode":false,"pivot":{"x":212.7501983642578,"y":5.474127769470215,"z":-476.6296081542969},"rotation":{"x":-0.09340275079011917,"y":-0.7294097542762756,"z":0.10310075432062149,"w":-0.670558750629425},"size":5.489718914031982,"orthographic":false}