{"cameraMode":{"drawMode":0,"name":"Shaded","section":"Shading Mode"},"sceneLighting":true,"audioPlay":false,"sceneViewState":{"showFog":false,"showMaterialUpdate":false,"showSkybox":true,"showFlares":true,"showImageEffects":true,"showParticleSystems":true},"in2DMode":false,"pivot":{"x":477.8917541503906,"y":41.63493347167969,"z":-409.4139709472656},"rotation":{"x":0.03409302607178688,"y":0.11757303029298783,"z":-0.005470886826515198,"w":0.9928520321846008},"size":19.2371883392334,"orthographic":false}