{"cameraMode":{"drawMode":0,"name":"Shaded","section":"Shading Mode"},"sceneLighting":false,"audioPlay":false,"sceneViewState":{"showFog":false,"showMaterialUpdate":false,"showSkybox":false,"showFlares":true,"showImageEffects":true,"showParticleSystems":true},"in2DMode":false,"pivot":{"x":-0.6939272880554199,"y":8.313970565795899,"z":6.643039226531982},"rotation":{"x":0.0018711088923737407,"y":0.7816423773765564,"z":0.002345055341720581,"w":-0.6237248778343201},"size":27.47062873840332,"orthographic":false}