{"cameraMode":{"drawMode":0,"name":"Shaded","section":"Shading Mode"},"sceneLighting":true,"audioPlay":false,"sceneViewState":{"showFog":false,"showMaterialUpdate":false,"showSkybox":false,"showFlares":true,"showImageEffects":true,"showParticleSystems":true},"in2DMode":false,"pivot":{"x":195.0069122314453,"y":24.15508460998535,"z":89.31952667236328},"rotation":{"x":-0.4620506167411804,"y":-0.4685033857822418,"z":0.31815919280052187,"w":-0.6826871633529663},"size":8.639105796813965,"orthographic":false}