{"cameraMode":{"drawMode":0,"name":"Shaded","section":"Shading Mode"},"sceneLighting":true,"audioPlay":false,"sceneViewState":{"showFog":false,"showMaterialUpdate":false,"showSkybox":true,"showFlares":true,"showImageEffects":true,"showParticleSystems":true},"in2DMode":false,"pivot":{"x":656.0565185546875,"y":-3.9488182067871095,"z":-498.868408203125},"rotation":{"x":-0.07540827989578247,"y":-0.7392594218254089,"z":0.08522634953260422,"w":-0.6643611192703247},"size":82.63776397705078,"orthographic":false}