{"cameraMode":{"drawMode":0,"name":"Shaded","section":"Shading Mode"},"sceneLighting":false,"audioPlay":false,"sceneViewState":{"showFog":false,"showMaterialUpdate":false,"showSkybox":false,"showFlares":true,"showImageEffects":true,"showParticleSystems":true},"in2DMode":false,"pivot":{"x":36.1119499206543,"y":10.539999961853028,"z":-7.875},"rotation":{"x":-0.09435329586267472,"y":0.011927704326808453,"z":-0.0011282667983323336,"w":-0.9954743981361389},"size":13.869288444519043,"orthographic":false}