{"cameraMode":{"drawMode":0,"name":"Shaded","section":"Shading Mode"},"sceneLighting":true,"audioPlay":false,"sceneViewState":{"showFog":false,"showMaterialUpdate":false,"showSkybox":true,"showFlares":true,"showImageEffects":true,"showParticleSystems":true},"in2DMode":false,"pivot":{"x":227.66278076171876,"y":30.220340728759767,"z":-419.2811279296875},"rotation":{"x":0.18151427805423737,"y":-0.229389026761055,"z":0.04253852739930153,"w":0.9555094242095947},"size":41.62155532836914,"orthographic":false}