{"cameraMode":{"drawMode":0,"name":"Shaded","section":"Shading Mode"},"sceneLighting":true,"audioPlay":false,"sceneViewState":{"showFog":false,"showMaterialUpdate":false,"showSkybox":true,"showFlares":true,"showImageEffects":true,"showParticleSystems":true},"in2DMode":false,"pivot":{"x":-21.452913284301759,"y":38.12565994262695,"z":-789.92529296875},"rotation":{"x":0.007836741395294667,"y":-0.9930611848831177,"z":0.059484146535396579,"w":0.10470186173915863},"size":51.850318908691409,"orthographic":false}