{"cameraMode":{"drawMode":0,"name":"Shaded","section":"Shading Mode"},"sceneLighting":true,"audioPlay":false,"sceneViewState":{"showFog":false,"showMaterialUpdate":false,"showSkybox":true,"showFlares":true,"showImageEffects":true,"showParticleSystems":true},"in2DMode":false,"pivot":{"x":234.73399353027345,"y":9.588790893554688,"z":-564.55126953125},"rotation":{"x":0.18664056062698365,"y":0.7886316776275635,"z":-0.28878262639045718,"w":0.5097922682762146},"size":328.64727783203127,"orthographic":false}