{"cameraMode":{"drawMode":0,"name":"Shaded","section":"Shading Mode"},"sceneLighting":false,"audioPlay":false,"sceneViewState":{"showFog":true,"showMaterialUpdate":false,"showSkybox":false,"showFlares":true,"showImageEffects":true,"showParticleSystems":true},"in2DMode":false,"pivot":{"x":-0.0679078996181488,"y":-2.410033941268921,"z":-9.370519638061524},"rotation":{"x":-0.09632959961891175,"y":0.6943949460983276,"z":-0.0944519117474556,"w":-0.7069587111473084},"size":0.8660253882408142,"orthographic":false}