{"cameraMode":{"drawMode":0,"name":"Shaded","section":"Shading Mode"},"sceneLighting":false,"audioPlay":false,"sceneViewState":{"showFog":false,"showMaterialUpdate":false,"showSkybox":false,"showFlares":true,"showImageEffects":true,"showParticleSystems":true},"in2DMode":false,"pivot":{"x":196.98291015625,"y":9.740352630615235,"z":83.32046508789063},"rotation":{"x":-0.09340355545282364,"y":-0.41954493522644045,"z":0.04418026655912399,"w":-0.9019781947135925},"size":8.639105796813965,"orthographic":false}