{"cameraMode":{"drawMode":0,"name":"Shaded","section":"Shading Mode"},"sceneLighting":true,"audioPlay":false,"sceneViewState":{"showFog":false,"showMaterialUpdate":false,"showSkybox":true,"showFlares":true,"showImageEffects":true,"showParticleSystems":true},"in2DMode":false,"pivot":{"x":-16.6129150390625,"y":41.57163619995117,"z":-711.640869140625},"rotation":{"x":-0.010161046870052815,"y":-0.777310848236084,"z":-0.014950776472687722,"w":0.6294071674346924},"size":13.553049087524414,"orthographic":false}