{"cameraMode":{"drawMode":0,"name":"Shaded","section":"Shading Mode"},"sceneLighting":false,"audioPlay":false,"sceneViewState":{"showFog":false,"showMaterialUpdate":false,"showSkybox":false,"showFlares":true,"showImageEffects":true,"showParticleSystems":true},"in2DMode":false,"pivot":{"x":27.10219383239746,"y":-1.2947357892990113,"z":-6.010706424713135},"rotation":{"x":-0.20098087191581727,"y":0.03786100447177887,"z":-0.007782292552292347,"w":-0.9788954854011536},"size":10.0,"orthographic":false}