{"cameraMode":{"drawMode":0,"name":"Shaded","section":"Shading Mode"},"sceneLighting":false,"audioPlay":false,"sceneViewState":{"showFog":false,"showMaterialUpdate":false,"showSkybox":false,"showFlares":true,"showImageEffects":true,"showParticleSystems":true},"in2DMode":false,"pivot":{"x":-26.11284637451172,"y":-3.4890332221984865,"z":-8.219423294067383},"rotation":{"x":-0.07511278986930847,"y":0.85206538438797,"z":-0.12747174501419068,"w":-0.5021056532859802},"size":34.809017181396487,"orthographic":false}