{"cameraMode":{"drawMode":0,"name":"Shaded","section":"Shading Mode"},"sceneLighting":false,"audioPlay":false,"sceneViewState":{"showFog":true,"showMaterialUpdate":false,"showSkybox":false,"showFlares":true,"showImageEffects":true,"showParticleSystems":true},"in2DMode":false,"pivot":{"x":-2.714970827102661,"y":-2.811394214630127,"z":3.214773654937744},"rotation":{"x":-0.21979868412017823,"y":-0.23239201307296754,"z":0.0540006086230278,"w":-0.9459394216537476},"size":3.9247446060180666,"orthographic":false}