{"cameraMode":{"drawMode":0,"name":"Shaded","section":"Shading Mode"},"sceneLighting":true,"audioPlay":false,"sceneViewState":{"showFog":false,"showMaterialUpdate":false,"showSkybox":true,"showFlares":true,"showImageEffects":true,"showParticleSystems":true},"in2DMode":false,"pivot":{"x":226.95809936523438,"y":69.14544677734375,"z":21.6251163482666},"rotation":{"x":-0.21212683618068696,"y":0.6554465889930725,"z":-0.1995268315076828,"w":-0.6968417167663574},"size":11.962841033935547,"orthographic":false}