{"cameraMode":{"drawMode":0,"name":"Shaded","section":"Shading Mode"},"sceneLighting":false,"audioPlay":false,"sceneViewState":{"showFog":true,"showMaterialUpdate":false,"showSkybox":false,"showFlares":true,"showImageEffects":true,"showParticleSystems":true},"in2DMode":false,"pivot":{"x":29.10041046142578,"y":-1.8035645484924317,"z":-6.794538497924805},"rotation":{"x":-0.06167472526431084,"y":-0.921633243560791,"z":0.16527171432971955,"w":-0.34599485993385317},"size":0.08660218119621277,"orthographic":false}