{"cameraMode":{"drawMode":0,"name":"Shaded","section":"Shading Mode"},"sceneLighting":false,"audioPlay":false,"sceneViewState":{"showFog":false,"showMaterialUpdate":false,"showSkybox":false,"showFlares":true,"showImageEffects":true,"showParticleSystems":true},"in2DMode":false,"pivot":{"x":-10.066065788269043,"y":2.2561230659484865,"z":-3.1033456325531008},"rotation":{"x":0.04868575558066368,"y":-0.8618384599685669,"z":0.08429951965808869,"w":0.4978089928627014},"size":8.859504699707032,"orthographic":false}