{"cameraMode":{"drawMode":0,"name":"Shaded","section":"Shading Mode"},"sceneLighting":false,"audioPlay":false,"sceneViewState":{"showFog":true,"showMaterialUpdate":false,"showSkybox":false,"showFlares":true,"showImageEffects":true,"showParticleSystems":true},"in2DMode":false,"pivot":{"x":-1.3298766613006592,"y":-1.1153355836868287,"z":0.05833465978503227},"rotation":{"x":-0.03633103892207146,"y":0.7049061059951782,"z":-0.03620021790266037,"w":-0.7074499130249023},"size":2.7247447967529299,"orthographic":false}